CustomerID,CustomerName,City,SignUpDate
1,Adam Tanner,Dallas,2024-12-16
2,Denise Copeland,Houston,2024-10-12
3,Kelly Madden,Dallas,2024-10-18
4,Robert Ho,Houston,2025-09-03
5,Robert Thompson,Chicago,2025-12-15
6,Lindsay Smith,Dallas,2024-04-04
7,Christopher Sampson,Dallas,2025-10-03
8,Angela Garcia,San Jose,2024-06-05
9,Stephanie Heath,Houston,2025-11-07
10,Allison Estrada,Chicago,2025-12-22
11,Erin Duran,New York,2024-08-25
12,Monica Thomas,Dallas,2023-03-29
13,Karina Miller,Houston,2025-09-25
14,Matthew Wright,Phoenix,2025-12-04
15,John Carroll,San Antonio,2025-05-27
16,Brian Blake,Houston,2026-02-18
17,Jeff Garcia,New York,2025-01-08
18,Joseph Rodriguez,Dallas,2024-07-29
19,Sean Powell,San Antonio,2025-02-03
20,Tiffany Thomas,Chicago,2025-12-04
21,Caleb Ramirez,San Diego,2024-12-18
22,Michael Graham,San Diego,2024-10-26
23,Jasmine Ellis,Phoenix,2024-10-04
24,Nichole Williams,Houston,2026-03-13
25,Richard Reese,San Jose,2023-04-30
26,Maria Rhodes,Phoenix,2023-04-27
27,Michael Wiley,Philadelphia,2024-10-30
28,Janet Obrien,San Jose,2024-10-06
29,Lauren Green,Phoenix,2023-05-26
30,Thomas Vasquez,San Diego,2024-11-17
31,Samuel Wagner,San Diego,2024-04-30
32,Stephanie Daniel,Chicago,2025-01-22
33,Joseph Dorsey,Phoenix,2023-12-28
34,Christopher Turner,San Jose,2025-01-17
35,Erica Watkins,Los Angeles,2025-09-23
36,Richard Mcdonald,Los Angeles,2025-10-07
37,Ashley Holland,San Antonio,2023-12-04
38,Duane Reilly,New York,2024-07-08
39,John Savage,Philadelphia,2024-11-02
40,Christopher Hendricks,Dallas,2023-12-27
41,Sarah Murray,Chicago,2024-10-16
42,Jessica Young,Phoenix,2023-12-18
43,Taylor Francis,New York,2025-03-04
44,Anthony Adams,San Jose,2025-08-05
45,Jacob Johnson,San Diego,2025-09-21
46,William Rose,Chicago,2023-07-01
47,Matthew Ellis V,Dallas,2023-07-14
48,John Mcmillan,Phoenix,2023-06-21
49,Julia Werner,San Diego,2023-06-20
50,Miguel Proctor,Los Angeles,2023-04-03
51,Adam Fisher,San Antonio,2026-03-15
52,Ronald Baker,Dallas,2024-02-22
53,William Nguyen,Los Angeles,2024-02-18
54,Amanda Jacobs,Dallas,2024-07-31
55,Eric Rojas,Phoenix,2023-12-10
56,Lisa Anderson,San Diego,2025-02-26
57,Claudia White,New York,2025-11-09
58,John Wilson,New York,2024-02-29
59,Jonathan Lyons,San Diego,2024-09-07
60,Michael Williams,Houston,2026-02-01
61,Kyle Morton,New York,2023-04-23
62,Herbert Pearson,New York,2024-11-05
63,Logan Johnson,San Antonio,2024-06-02
64,Jason Thomas,New York,2024-11-30
65,Jonathan Mason,Dallas,2024-12-27
66,David Turner,Houston,2023-05-27
67,Katherine Santana,Philadelphia,2023-12-17
68,Peter Kelly,San Diego,2024-01-25
69,Stephanie Giles,Phoenix,2023-07-10
70,Robin Henderson,Phoenix,2024-06-24
71,Henry Crawford,San Antonio,2023-12-17
72,Geoffrey Shaffer,San Antonio,2025-04-14
73,Richard Gibson,San Antonio,2024-10-16
74,Angel Phillips,San Diego,2025-08-25
75,Timothy Turner,San Jose,2025-06-21
76,Benjamin Walker,San Jose,2025-08-02
77,Anthony Brown,Houston,2023-06-28
78,James Ryan,Dallas,2023-11-11
79,David Hicks,Chicago,2024-09-13
80,Steven Bradshaw,Los Angeles,2024-10-15
81,Karen Johnston,New York,2024-01-12
82,John Wood,Los Angeles,2024-09-09
83,Alexander Gray,Dallas,2025-07-15
84,Gabriel Ortiz,Phoenix,2025-08-06
85,Paul Liu,Philadelphia,2025-05-17
86,Janet Barton,San Jose,2025-12-24
87,Tammy Sullivan,Philadelphia,2024-12-06
88,Mason Hernandez,Los Angeles,2025-08-01
89,Melissa Green,San Jose,2023-12-19
90,Debra Andrews,Dallas,2025-05-21
91,Edward Gross,Los Angeles,2025-05-07
92,Cheryl Wilson,Chicago,2024-01-28
93,Danny Sanders,San Diego,2023-05-25
94,Denise Ryan,San Jose,2023-10-13
95,Melissa Barnes,Chicago,2025-11-02
96,James Holder,San Jose,2023-10-13
97,Linda Prince,Houston,2024-04-03
98,James Kennedy,Philadelphia,2025-07-17
99,Christine Bell,Dallas,2026-02-17
100,Lance Wilkins,Houston,2025-02-16
101,Jonathan Richard,New York,2024-01-23
102,William Richardson,Philadelphia,2024-07-24
103,Julie Foster,Dallas,2024-07-07
104,Travis Hinton,San Jose,2025-12-23
105,Rebecca Howard,Philadelphia,2025-07-26
106,Jo Schwartz,Chicago,2023-08-23
107,Nicole Flynn,San Antonio,2026-02-09
108,Brent Andrews,Phoenix,2024-02-10
109,Rachel Lewis,Dallas,2024-05-24
110,Michele Baldwin,Philadelphia,2024-11-29
111,Christopher Jacobson,New York,2024-05-11
112,Cindy Foster,Philadelphia,2025-09-27
113,Marc Conway,New York,2024-11-12
114,David Poole,Dallas,2023-11-02
115,Jason Greene,Phoenix,2023-11-26
116,Veronica Rice,New York,2024-04-02
117,John Mcdaniel,San Diego,2024-08-07
118,Gregory Garcia,New York,2023-12-21
119,Douglas Greer,Philadelphia,2024-04-01
120,Carolyn Robertson,Chicago,2024-07-18
121,Colleen Lewis,Chicago,2024-10-05
122,Brian Taylor,Philadelphia,2025-12-29
123,Sandra Mosley,San Antonio,2024-10-16
124,Rebecca Charles,San Jose,2024-10-03
125,Molly Browning,Philadelphia,2023-05-13
126,Christopher Brown,New York,2024-06-09
127,Natasha Reese,Chicago,2023-10-03
128,Denise James,San Jose,2025-07-26
129,Kylie Williams,San Antonio,2025-03-18
130,Brian Gomez,Chicago,2025-10-22
131,Patrick Phillips,San Diego,2024-09-20
132,Melissa Calderon,San Jose,2025-05-05
133,Jessica Irwin,Los Angeles,2025-04-25
134,Emily Reeves,Phoenix,2024-06-18
135,Amber Trevino,San Jose,2024-08-31
136,Adam Shaw,San Antonio,2024-07-10
137,Aaron Smith,San Diego,2025-03-31
138,Teresa Dennis,Phoenix,2024-04-21
139,Brittney Black,Philadelphia,2023-11-16
140,Lisa Hahn,Los Angeles,2025-09-08
141,Jose Keller,Los Angeles,2024-03-01
142,Douglas Williams,Phoenix,2024-12-29
143,Bruce Thomas,San Antonio,2024-08-23
144,Tonya Graham,Houston,2025-07-01
145,Christina Baker,San Antonio,2023-08-16
146,Sheila Arnold,Philadelphia,2023-10-22
147,Kelly Jarvis,Houston,2024-11-29
148,Gregory Becker,San Diego,2025-03-23
149,Antonio Shepard,San Antonio,2024-09-08
150,Louis Perez,Philadelphia,2023-09-06
151,Andrew Boyle,San Jose,2024-02-12
152,Jessica Olson,Phoenix,2023-05-10
153,Joann Robles,Philadelphia,2025-12-27
154,Samuel Mills,Houston,2023-06-09
155,Robert Rodriguez,New York,2025-01-22
156,Brittany Simpson,San Antonio,2025-04-21
157,Shannon Burke PhD,Philadelphia,2026-02-26
158,Jennifer Harrison,Chicago,2026-03-14
159,Michael Parker,San Diego,2026-02-07
160,Ashley Hernandez,Houston,2024-02-18
161,Lisa Mcdonald,New York,2024-04-13
162,Edward Trevino,Dallas,2023-09-03
163,Kathy Stevens,Chicago,2023-08-22
164,Lauren Farrell,Phoenix,2024-01-02
165,Casey Rogers,Los Angeles,2024-02-02
166,Mary Moore,San Jose,2023-09-29
167,Shirley King,Philadelphia,2023-04-29
168,Kathy Davis,Chicago,2026-02-22
169,Luke Castro,Chicago,2024-06-01
170,Lori Matthews,New York,2023-06-07
171,Kelsey White,Dallas,2023-04-15
172,Brett Wood,San Jose,2024-10-04
173,Gina Gomez,Phoenix,2023-05-22
174,Beverly Richardson,Houston,2025-05-03
175,Mary Moore DVM,San Diego,2023-06-14
176,Shawn Nguyen,San Diego,2024-02-08
177,David Melendez,San Diego,2025-01-23
178,Jasmine Peterson,Dallas,2023-03-25
179,Robert Morrow,New York,2023-11-22
180,Kristen Anderson,San Diego,2024-03-21
181,Jason Gonzalez,New York,2024-08-31
182,Timothy Le,San Jose,2023-12-16
183,Kristen Walker,New York,2026-01-12
184,Lawrence Sanchez,Dallas,2024-03-21
185,Dr. Robert Adams DDS,Dallas,2025-08-08
186,Steven Griffin,Phoenix,2024-03-23
187,Alexis Peterson,Philadelphia,2025-05-10
188,Charles Norris,Houston,2026-02-16
189,Daniel Lambert,Philadelphia,2023-08-13
190,Matthew Stanley,Los Angeles,2025-07-22
191,Sharon Miller,Chicago,2024-06-02
192,Ricky Werner DDS,Houston,2025-05-24
193,Mark Montoya,New York,2024-06-29
194,Dawn Spears,Houston,2025-04-29
195,Stefanie Perez,Houston,2026-01-15
196,Heather Finley,Chicago,2023-07-12
197,Charles James,New York,2023-09-23
198,Jonathan Kirby,New York,2026-01-28
199,Sara Moreno,Houston,2025-11-08
200,Maria Rogers,New York,2025-05-30
201,Charles Jackson,Phoenix,2024-04-28
202,Amber Harrison,Houston,2023-08-22
203,Dustin Moore,Los Angeles,2024-10-09
204,Colleen Smith,Houston,2025-12-22
205,Michelle Murphy,San Diego,2026-03-11
206,Michael Baker,Phoenix,2025-01-07
207,Michael Johnson,San Jose,2025-04-07
208,Tyler Adams,Dallas,2023-09-12
209,Emily Stewart,San Jose,2023-10-05
210,Patrick Waller,New York,2023-07-03
211,Danielle Clark,San Diego,2023-12-05
212,Karen Stephenson,Chicago,2023-09-09
213,Wanda Jennings,Chicago,2025-05-22
214,Sheila Adkins,Dallas,2025-05-24
215,Jennifer Schwartz,Phoenix,2023-05-17
216,Amy Lee,Dallas,2024-09-11
217,Amanda Shaw,San Jose,2024-08-03
218,Taylor Taylor,Dallas,2023-07-21
219,Tommy Harris,New York,2024-02-07
220,Nicholas Norman,San Antonio,2023-11-29
221,Dr. Ruth Haynes,San Antonio,2024-01-25
222,Brittany Campbell,Philadelphia,2024-10-10
223,Devin Delgado,Dallas,2023-11-16
224,Mr. Brandon Mata MD,Dallas,2023-09-26
225,John Bradley,Houston,2023-08-30
226,John Allen,Dallas,2026-03-03
227,Timothy Alexander,San Diego,2023-06-05
228,Bobby Taylor,San Jose,2025-09-28
229,Eric Ross,San Jose,2024-01-20
230,Stephanie Morse,Philadelphia,2023-11-25
231,Ashley Gilbert,Dallas,2023-05-31
232,Daniel Zavala,Phoenix,2024-03-06
233,Robin Miller,San Diego,2025-08-19
234,Andrew Flores,San Diego,2025-03-29
235,Alicia Mcgee,Philadelphia,2025-04-01
236,Ashley Phillips,Los Angeles,2024-08-06
237,Thomas Marks,Phoenix,2023-04-18
238,Victoria Garcia,Houston,2024-02-04
239,Richard Murphy,Houston,2023-10-07
240,Dillon Rowe,San Jose,2023-11-30
241,Connor Key,San Diego,2023-04-19
242,Erica Ferguson,Houston,2023-07-06
243,Jennifer Mccarty,San Antonio,2026-02-18
244,Ashley Faulkner,San Diego,2025-01-05
245,Sara Roy,Philadelphia,2024-07-26
246,Brenda Thomas,New York,2023-11-04
247,Laura Wood,Phoenix,2026-02-05
248,John Torres,New York,2023-07-11
249,Amanda Ibarra,Los Angeles,2023-12-07
250,Raymond Martin,Houston,2024-01-07
251,Erica Abbott,Philadelphia,2024-11-14
252,Brandi Martinez,San Jose,2024-04-25
253,Derek Gilbert,Phoenix,2026-03-04
254,Beverly Smith,Phoenix,2023-03-26
255,David Allen,Phoenix,2024-03-15
256,Scott Trujillo,Philadelphia,2023-09-13
257,Frederick Gonzales,New York,2023-07-22
258,Barbara Young,Dallas,2024-04-16
259,Jillian Brown,Dallas,2025-04-23
260,Michele Shaw,San Antonio,2025-08-20
261,Ryan Horton,San Diego,2025-07-27
262,Scott Noble,San Diego,2024-08-03
263,Jonathan Nunez,San Antonio,2025-09-07
264,Edward Barker,Chicago,2024-12-24
265,Jerry Prince,Houston,2025-04-03
266,David Snyder,Los Angeles,2024-07-09
267,Melissa Jacobs,Houston,2025-02-01
268,Beverly Webb,Houston,2023-04-23
269,Brenda Thomas,Philadelphia,2025-02-19
270,Brandon Wagner,Dallas,2025-02-25
271,Robert Velasquez,Houston,2023-08-21
272,James Cole,Los Angeles,2024-07-03
273,Katherine Reed,Philadelphia,2025-01-19
274,Amanda Bryant MD,Chicago,2024-04-10
275,William Christensen,Houston,2024-05-01
276,Keith George,Phoenix,2025-11-01
277,Pamela Pugh,Philadelphia,2025-10-20
278,Mackenzie Howell,Los Angeles,2023-10-30
279,Mr. Brandon Ponce,Dallas,2025-02-19
280,Maria Haley,New York,2025-05-14
281,Jared Sharp,Houston,2025-12-19
282,Amy Ruiz,Los Angeles,2023-04-24
283,Nathan Castro,New York,2024-04-29
284,Jessica Sanchez,San Antonio,2025-03-30
285,Mary Romero,San Antonio,2024-08-26
286,Jessica Reyes,New York,2024-04-21
287,Michele Forbes,Chicago,2023-05-31
288,Matthew Hunter,New York,2026-03-11
289,Billy Vaughn,New York,2023-12-31
290,Donald Cervantes,San Diego,2023-11-25
291,Mr. Paul Owens,Houston,2023-07-08
292,Mary Austin,Phoenix,2024-10-06
293,Kayla Luna,San Jose,2024-01-02
294,Morgan Vega,Los Angeles,2025-12-02
295,Katherine Williams,Los Angeles,2024-10-21
296,Martha Haynes,New York,2023-11-17
297,Felicia Hickman,San Jose,2025-08-04
298,Kristin Johnson,San Jose,2024-08-30
299,Courtney Bean,Philadelphia,2023-10-12
300,Dylan Edwards,Dallas,2025-01-18
301,Larry Roberson,San Diego,2025-07-15
302,Kelly Gonzalez,Houston,2024-09-24
303,Charles Francis,Chicago,2024-04-21
304,Mr. Robert Ferguson,Philadelphia,2024-04-23
305,Gabrielle Kelly,Philadelphia,2024-09-03
306,Victoria Bell,Houston,2024-10-09
307,Lisa Davis,Chicago,2024-09-12
308,Taylor Mcgee,San Diego,2024-07-01
309,Thomas Sanchez,New York,2025-02-17
310,Adam Crawford,Houston,2024-09-08
311,Dennis Elliott,San Antonio,2023-07-02
312,Stephanie Mills,San Diego,2024-09-13
313,Erika Velasquez,Chicago,2024-09-21
314,Alicia Taylor,Los Angeles,2025-09-05
315,John Frederick,San Jose,2025-12-22
316,Kimberly Lewis,Phoenix,2025-01-29
317,Larry Morse,San Antonio,2023-05-18
318,Rebecca Alvarez,San Diego,2024-05-29
319,Todd Manning,San Antonio,2026-02-11
320,David Lee,San Antonio,2024-09-13
321,Mrs. Deborah Carter MD,New York,2025-05-24
322,Daniel Young,Philadelphia,2024-10-17
323,Jamie Adams,San Antonio,2024-01-30
324,Alyssa Stone,Houston,2026-02-05
325,Mark Davis,Los Angeles,2024-12-22
326,Stephanie Dyer,San Jose,2023-07-21
327,Kristen Fritz,San Antonio,2023-08-07
328,Gregory Washington,San Antonio,2024-10-28
329,Dawn Jennings DDS,New York,2025-09-08
330,Caleb Moore,New York,2025-06-17
331,Alexander Turner,New York,2024-12-04
332,Kristen Barnett,Dallas,2025-09-16
333,Desiree Harrington,San Jose,2023-09-29
334,Aaron Murphy,New York,2025-12-09
335,Susan King,San Jose,2023-09-17
336,James Willis,New York,2025-03-17
337,Kenneth Harvey,San Antonio,2024-09-22
338,Diane Padilla,New York,2025-05-03
339,Michael Drake,Dallas,2024-03-13
340,Anthony Torres,Los Angeles,2024-10-28
341,Daniel Grant,San Antonio,2023-04-13
342,Caroline Carson,San Jose,2024-02-29
343,Bradley Oneal,San Diego,2024-03-31
344,Joshua Christian,Dallas,2024-04-29
345,Jodi Thomas,Philadelphia,2024-06-03
346,Beth Morrison,Dallas,2025-12-18
347,Julia Williams,New York,2023-10-31
348,Gerald Gordon,Phoenix,2025-07-03
349,Joseph Garcia,Philadelphia,2024-02-02
350,Kimberly Payne,San Antonio,2024-03-03
351,Carrie Deleon,Chicago,2023-07-30
352,Melissa Mcmillan,Chicago,2023-04-14
353,Steve Chang,Phoenix,2023-11-13
354,Justin Jones,Dallas,2024-07-08
355,Kevin Hall,Houston,2025-07-21
356,Mallory Hall,San Jose,2025-12-02
357,Garrett Smith,San Diego,2024-05-15
358,Jacqueline Mcdonald,Dallas,2025-10-21
359,Jonathan Lam,Houston,2025-01-07
360,Joshua Aguilar,San Diego,2025-06-27
361,William Barnett,New York,2025-03-01
362,Meghan Davis,New York,2023-12-27
363,Sarah Smith,Chicago,2025-04-10
364,Kelly Hess,Chicago,2024-10-04
365,Kathy Oconnor,San Diego,2025-03-22
366,Wesley Miller,Phoenix,2024-08-12
367,Brianna Rivera,Dallas,2024-11-29
368,Christina Matthews,San Antonio,2024-07-25
369,Christopher Obrien,San Diego,2025-12-07
370,Sarah Haynes,Los Angeles,2024-07-14
371,Nancy Martinez,New York,2025-03-31
372,Steven Hale,Dallas,2023-04-04
373,Daryl Velasquez,Dallas,2024-09-18
374,Mr. Colin Blackwell,San Diego,2024-09-02
375,Robert Ford,Philadelphia,2026-03-13
376,Susan Keith,Houston,2025-08-16
377,Ms. Amanda Jones,Los Angeles,2025-07-16
378,Stuart Vargas DDS,Phoenix,2023-06-01
379,Shelly Hubbard,San Antonio,2023-03-22
380,Gilbert Kim,Houston,2025-07-31
381,Mr. Thomas Morris,San Jose,2023-10-12
382,Rhonda Saunders,San Diego,2024-12-26
383,Jonathan Valdez,San Antonio,2023-04-04
384,Gary Williams,San Diego,2024-03-30
385,Bradley Foster,San Diego,2023-07-28
386,Matthew Miller,Chicago,2024-12-20
387,Michael Mullins,San Antonio,2024-11-27
388,Angela Montes,Chicago,2023-06-08
389,Shannon Lynch,New York,2023-11-28
390,Kimberly Norris,New York,2023-03-27
391,Dennis Lee,New York,2023-07-23
392,Morgan Harding,Los Angeles,2024-02-06
393,Beth Crosby,San Diego,2024-02-11
394,Monica Smith MD,Dallas,2025-04-19
395,Maria Burton,San Antonio,2025-08-18
396,Jacqueline Nguyen,Dallas,2025-09-27
397,Derek Mckee,Houston,2025-08-12
398,Alan Cameron,Chicago,2024-09-05
399,Lisa Evans,Dallas,2023-04-01
400,Caleb Dillon,San Diego,2024-01-29
401,Shannon Alexander,Los Angeles,2024-12-26
402,Walter Norris,Chicago,2023-07-29
403,Elizabeth Simmons,New York,2023-11-07
404,John Figueroa,San Jose,2025-02-16
405,Heather Young,Phoenix,2025-08-21
406,Manuel Lowe,San Antonio,2025-02-19
407,Barbara Fernandez,Phoenix,2026-02-21
408,Justin Mcbride,Dallas,2024-04-05
409,Larry Browning,Philadelphia,2025-08-25
410,Justin Anderson,Houston,2025-12-13
411,Alicia Collier,San Antonio,2024-08-27
412,Carmen Burton,Phoenix,2023-10-21
413,Maria Carpenter,San Diego,2024-08-17
414,Zachary Watson,Chicago,2024-03-27
415,Robert Sanders,San Diego,2024-04-30
416,Jeffery Lara,San Diego,2024-09-05
417,Jennifer Taylor,Phoenix,2023-10-03
418,Erik Perez,Philadelphia,2024-05-27
419,Rachael Fuller,Philadelphia,2025-11-07
420,Angela Jackson,San Jose,2025-05-24
421,Lisa Johnson,San Diego,2025-03-16
422,Brittany Carter,San Jose,2025-10-06
423,Jessica Baker,Dallas,2023-08-16
424,Mary Adams,Philadelphia,2024-09-18
425,Richard Terry,Philadelphia,2023-08-21
426,Joseph Robinson,Phoenix,2023-09-11
427,Linda Allen,San Antonio,2023-09-25
428,Patrick Zavala,Philadelphia,2024-05-12
429,Jordan Jordan,San Jose,2024-01-03
430,Timothy Howell,Philadelphia,2025-05-31
431,Courtney Watson,San Antonio,2023-10-10
432,Sharon Petersen,San Jose,2025-01-03
433,Vanessa Pham,Phoenix,2023-06-06
434,Randall Harris,Phoenix,2024-08-10
435,Glenn Daniel,New York,2025-08-26
436,Austin Rivera,San Diego,2024-05-05
437,George Foley,Philadelphia,2023-12-08
438,Scott Schaefer,San Diego,2025-06-21
439,Lee Parker,Los Angeles,2024-08-14
440,Michael Graham,Los Angeles,2025-05-28
441,Adriana May,San Jose,2024-06-01
442,Olivia Woods,Houston,2023-08-31
443,Caroline Morris,San Antonio,2025-03-09
444,Tiffany Clayton,San Diego,2023-06-09
445,Kylie Foley,San Jose,2023-10-11
446,Christopher Harrison,Houston,2023-11-23
447,Kelly Contreras,New York,2023-04-09
448,Julia Anderson,Philadelphia,2026-02-15
449,Dylan Wu,Los Angeles,2023-08-26
450,Sandra Blake,San Jose,2025-09-10
451,Alexander Valdez,Los Angeles,2025-01-07
452,Autumn Gomez,San Antonio,2026-02-17
453,Michael Meyers,Phoenix,2025-09-29
454,Olivia Baker,New York,2023-11-09
455,Tracy Brooks,San Antonio,2023-11-17
456,David Navarro,New York,2026-01-18
457,Heather Ponce,Dallas,2025-04-23
458,William Smith,Houston,2024-02-04
459,Melissa Francis,New York,2025-01-13
460,Christopher Daugherty,San Jose,2025-11-25
461,Jose Santiago,Chicago,2023-06-25
462,Ronald Martin,Houston,2026-03-13
463,Kenneth Ritter,Phoenix,2026-01-27
464,Jennifer Beltran,Philadelphia,2024-08-31
465,Sharon Mccarthy,Chicago,2025-06-07
466,Linda Wells,San Jose,2025-09-17
467,Latasha Long,San Jose,2026-02-01
468,Dawn Fuller,New York,2024-11-04
469,Sylvia Horn,San Antonio,2023-06-27
470,John Williams,Philadelphia,2024-06-14
471,Isaac Miles MD,San Diego,2023-05-20
472,Terry Williams,Chicago,2024-07-12
473,Martin Castro,New York,2023-04-23
474,Dennis Chandler,San Jose,2025-02-21
475,Jeffrey Schmitt,Houston,2025-12-25
476,Erik Moore,San Jose,2025-03-01
477,Tony Schwartz,Philadelphia,2024-10-31
478,Brandon Evans,San Jose,2026-01-15
479,Kyle Sullivan,Houston,2025-05-26
480,Rebecca Spence,San Diego,2025-02-23
481,Kathleen Hernandez,New York,2025-08-19
482,Laura Hess,San Jose,2025-03-23
483,Kevin Edwards,San Diego,2025-02-22
484,Kevin Orr,Chicago,2023-07-12
485,Deborah Perez,Phoenix,2025-12-06
486,Arthur Melton,Los Angeles,2024-02-11
487,Richard Thompson,Dallas,2025-06-12
488,Nancy Wilson,New York,2025-07-26
489,Wyatt Hanson,New York,2023-10-19
490,Laura Guzman,San Jose,2025-06-06
491,Joseph Gomez,Dallas,2023-06-15
492,Elizabeth Mcneil,Philadelphia,2023-07-23
493,Rickey Hill,New York,2023-07-24
494,Amber Haley,Phoenix,2024-02-04
495,Wanda Miranda MD,Philadelphia,2025-11-23
496,Matthew Cruz,San Diego,2023-11-22
497,Natalie Gordon,Los Angeles,2025-04-25
498,Jessica Williams,Chicago,2024-01-10
499,Parker Ellis,Philadelphia,2025-07-19
500,Mark Barnes,Los Angeles,2024-03-09
